Code_Dpt,Departement,Region,annee,densite,pop_globale,tranche_age_0-24,tranche_age_25-59,tranche_age_60+,csp1_agriculteurs,csp2_artisans_commercant_chef_entreprises,csp3_cadres_professions_intellectuelles,csp4_professions_intermediaires,csp5_employes,csp6_ouvriers,csp7_retraites,csp8_sans_activite,nb_salaries_secteur_agricole,nb_salaries_secteur_industrie,nb_salaries_secteur_service,nbre_entreprises_agricole,nbre_entreprises_industrie,nbre_entreprises_service,Deblais_gravats,Dechets_verts,Encombrants,Materiaux_recyclables
01,Ain,Auvergne-Rhône-Alpes,2021,115.1,665920,199971,305487,160462,3215,21814,50815,89229,85057,77663,134845,203282,5154,63527,160069,3301.0,6912.0,20192.0,49564,51877,38839,41034
02,Aisne,Hauts-de-France,2021,71.7,527108,155607,224371,147130,4242,11771,20153,52646,69928,70579,125360,172429,7757,35099,128021,3593.0,3792.0,12493.0,33505,34415,42910,20426
03,Allier,Auvergne-Rhône-Alpes,2021,45.6,334936,82510,132244,120182,4665,9541,13097,32225,43896,36443,104580,90489,5702,27101,89247,2913.0,3114.0,9144.0,21817,28308,18382,15303
04,Alpes-de-Haute-Provence,Provence-Alpes-Côte d'Azur,2021,24.0,166603,41294,69100,56209,2135,7550,8931,18539,20888,14915,47145,46500,3223,10731,47164,1717.0,2411.0,7436.0,22352,17849,10802,10348
05,Hautes-Alpes,Provence-Alpes-Côte d'Azur,2021,25.4,140617,33654,59828,47135,1882,6572,6645,17784,19591,11730,40317,36096,2471,7594,48714,1464.0,1889.0,6693.0,11584,7634,9330,9580
06,Alpes-Maritimes,Provence-Alpes-Côte d'Azur,2021,256.8,1105969,287412,474934,343623,1345,49246,92459,126019,156333,79565,273573,327429,1970,59101,366276,1181.0,8330.0,31046.0,91198,71409,61872,32622
07,Ardèche,Auvergne-Rhône-Alpes,2021,59.9,331699,84214,138347,109138,3937,12711,15551,37144,41159,35783,94352,91062,5010,27165,78679,3252.0,4118.0,12143.0,26352,24783,23758,21740
08,Ardennes,Grand Est,2021,51.4,269511,74735,115690,79086,2605,6761,9488,27539,35499,35967,65892,85760,3852,23898,63537,2425.0,2501.0,7024.0,17939,13418,21907,13551
09,Ariège,Occitanie,2021,31.6,154920,37874,64323,52723,2282,6174,6686,16261,21811,14565,44632,42509,2689,12053,42499,1914.0,2255.0,6228.0,16548,20286,7386,11480
10,Aube,Grand Est,2021,51.9,312294,93390,130371,88533,4080,7762,14728,31950,40625,37753,76557,98839,7275,24689,84028,2682.0,2804.0,8675.0,16200,14076,17033,6652
11,Aude,Occitanie,2021,61.3,376540,95354,154264,126922,4735,14660,15882,38036,51374,33769,105391,112693,8048,18676,104274,3493.0,3815.0,12565.0,28934,26983,23497,20117
12,Aveyron,Occitanie,2021,32.0,279432,67328,113130,98974,8976,11163,12348,29162,33872,27308,84517,72086,10494,23709,78005,3505.0,3674.0,10152.0,21401,17108,16866,17119
13,Bouches-du-Rhône,Provence-Alpes-Côte d'Azur,2021,404.3,2063579,606040,905770,551769,3716,65081,178365,248943,262555,156642,429587,718690,8325,131054,714048,2809.0,13643.0,52350.0,159755,97633,79439,67856
14,Calvados,Normandie,2021,126.6,702742,205772,293091,203879,4899,21857,44943,80503,92534,74332,177016,206658,8632,55069,223209,4746.0,6199.0,21469.0,63521,84811,52550,27012
15,Cantal,Auvergne-Rhône-Alpes,2021,25.2,144155,32313,59237,52605,5936,5239,5515,13650,18805,14830,45477,34703,6729,11010,40697,1892.0,1740.0,4966.0,7293,10033,8095,7895
16,Charente,Nouvelle-Aquitaine,2021,58.9,350545,87404,145206,117935,4574,11412,17416,36202,44421,42412,100643,93465,8466,33276,101044,3492.0,3952.0,11204.0,32691,33780,20189,15132
17,Charente-Maritime,Nouvelle-Aquitaine,2021,96.4,662130,160621,263575,237934,6640,26599,34088,68485,86230,62343,207436,170309,12450,42958,187560,4719.0,7549.0,22299.0,60632,72171,50464,37622
18,Cher,Centre-Val de Loire,2021,41.4,300061,76492,122636,100933,3255,8317,14526,31348,39580,33606,86592,82837,5552,24562,82419,2219.0,2715.0,7705.0,15792,29280,20592,13383
19,Corrèze,Nouvelle-Aquitaine,2021,40.9,239491,57324,96674,85493,3837,8049,10916,25162,31512,25061,73618,61336,5045,19539,71031,2807.0,2648.0,7566.0,12722,24382,13746,11805
2A,Corse-du-Sud,Corse,2021,40.6,162898,39417,72896,50585,961,7938,8026,18149,25977,13857,38034,49956,1373,11017,56406,925.0,2311.0,7278.0,3213,7078,8824,5947
2B,Haute-Corse,Corse,2021,39.6,184285,46115,81533,56637,1744,9137,7994,17949,27976,15766,41437,62282,2836,11755,57148,1606.0,2923.0,8751.0,4746,8707,8524,9809
21,Cote-d'Or,Bourgogne-Franche-Comté,2021,61.1,536323,158342,227644,150337,4339,16091,40728,66566,68039,55589,128428,156543,9228,43223,182200,3606.0,4752.0,14899.0,41837,33449,19271,26063
22,Cotes-d'Armor,Bretagne,2021,88.1,607411,157970,242818,206623,9331,19678,29386,62562,71478,68765,182788,163423,15609,47557,162398,5075.0,5979.0,17809.0,107662,139042,38338,37842
23,Creuse,Nouvelle-Aquitaine,2021,20.8,116058,25090,45021,45947,4176,3758,4245,10009,14682,10758,39901,28529,4862,6768,30963,1874.0,1405.0,4031.0,10851,9310,7858,5613
24,Dordogne,Nouvelle-Aquitaine,2021,45.7,416250,93234,166293,156723,5556,18911,16441,39733,53453,43249,134590,104317,8782,31135,111299,4959.0,5506.0,15895.0,28061,39405,24190,22467
25,Doubs,Bourgogne-Franche-Comté,2021,104.6,547640,169397,236212,142031,3879,14477,34375,64178,65545,71953,120423,172810,5450,53468,157368,2813.0,4493.0,13996.0,36823,39681,25179,25280
26,Drôme,Auvergne-Rhône-Alpes,2021,79.6,520338,146449,223555,150334,5060,19221,32172,62502,62951,56187,126899,155346,8762,55205,159675,3732.0,6177.0,18424.0,39773,45855,35191,32191
27,Eure,Normandie,2021,99.7,600894,178511,263291,159092,3508,17428,33548,69551,76395,76449,137141,186874,5417,51700,143539,3790.0,5675.0,17293.0,55036,83348,39699,28461
28,Eure-et-Loir,Centre-Val de Loire,2021,73.3,431805,126132,187116,118557,3346,11549,26718,51419,55648,50453,101823,130849,4595,35157,107296,2091.0,3905.0,12033.0,32616,31267,33302,20694
29,Finistère,Bretagne,2021,136.9,922016,250612,386486,284918,7612,26986,58562,107775,114734,94315,250498,261534,16094,70964,279330,4809.0,7401.0,22284.0,80635,166404,59194,49086
30,Gard,Occitanie,2021,129.3,756194,207901,315505,232788,5108,30102,41152,83283,97959,66279,188642,243669,9000,45722,199191,3642.0,7768.0,23744.0,98636,64173,44667,43335
31,Haute-Garonne,Occitanie,2021,227.3,1435415,452185,664699,318531,4057,43589,188790,197894,177458,104713,255327,463587,5645,111268,563817,3973.0,9989.0,34992.0,62746,70100,52361,37017
32,Gers,Occitanie,2021,30.8,192398,44747,78064,69587,5162,7639,10076,20227,23029,18701,58239,49325,7588,11970,51146,3349.0,2691.0,8326.0,12566,12418,10996,7789
33,Gironde,Nouvelle-Aquitaine,2021,165.9,1665818,492129,748990,424699,6860,60220,158078,216818,217475,147625,355362,503380,26627,115977,590134,6397.0,14156.0,46279.0,97512,146137,106847,77063
34,Hérault,Occitanie,2021,197.0,1206913,353026,512495,341392,6164,46796,96462,143338,152730,88036,277741,395646,10867,62581,389118,4252.0,10445.0,37262.0,88316,84824,72570,57158
35,Ille-et-Vilaine,Bretagne,2021,162.1,1104826,353016,489076,262734,8798,30461,101249,141385,135432,112696,229531,345274,13913,92615,390087,4500.0,7954.0,27438.0,78222,102699,57402,40928
36,Indre,Centre-Val de Loire,2021,32.0,216986,51256,86749,78981,3408,5958,8485,20670,28109,25442,69759,55155,4628,19145,58135,2153.0,2114.0,6032.0,11033,19233,9839,9004
37,Indre-et-Loire,Centre-Val de Loire,2021,99.9,612349,178649,259396,174304,3542,16929,45507,78269,79073,59012,151153,178864,6729,47332,196682,2791.0,4688.0,15300.0,37782,41887,40395,12497
38,Isère,Auvergne-Rhône-Alpes,2021,172.9,1289177,402418,567961,318798,4460,40424,121495,167873,154879,123323,265502,411221,6286,115736,390891,4626.0,12758.0,37552.0,94739,86023,82777,62213
39,Jura,Bourgogne-Franche-Comté,2021,51.7,258375,68495,108498,81382,2693,8078,12099,29806,30310,33857,70588,70944,4083,26084,65345,2522.0,3203.0,9032.0,15748,10804,9326,15719
40,Landes,Nouvelle-Aquitaine,2021,45.8,423450,103776,179371,140303,3563,16607,19921,46972,57732,45303,122399,110953,6744,32400,116260,3522.0,4472.0,14505.0,90848,110983,40698,46347
41,Loir-et-Cher,Centre-Val de Loire,2021,51.8,328503,86039,135827,106637,2533,10151,17050,34514,40922,39496,94020,89817,5225,29919,89026,2279.0,3076.0,9123.0,21729,38151,29174,10658
42,Loire,Auvergne-Rhône-Alpes,2021,160.9,769049,229640,318393,221016,4386,23318,42044,87736,93757,85554,190723,241531,5942,71471,211952,3271.0,7255.0,19114.0,46566,50559,44814,32424
43,Haute-Loire,Auvergne-Rhône-Alpes,2021,45.7,226810,59034,94078,73698,4513,8418,9461,25160,28089,26337,64501,60331,5248,22195,54815,2553.0,3043.0,7607.0,17489,14622,10735,15401
44,Loire-Atlantique,Pays de la Loire,2021,212.1,1463135,451915,653975,357245,7281,42086,145095,193941,176574,141890,309003,447265,13202,128939,514934,3601.0,10663.0,32998.0,164570,155461,95329,66265
45,Loiret,Centre-Val de Loire,2021,101.0,686808,208348,296200,182260,3072,17938,48001,82874,85874,79294,157842,211913,5246,60764,208228,2323.0,5409.0,16881.0,67640,77223,52746,23427
46,Lot,Occitanie,2021,33.5,174925,37668,68735,68522,3813,7638,8547,17539,20729,16546,58648,41465,4945,14885,47242,2987.0,2673.0,7459.0,16634,14309,12797,9595
47,Lot-et-Garonne,Nouvelle-Aquitaine,2021,61.8,331802,84415,133626,113761,4951,12171,13910,33285,41038,37048,96987,92412,9458,23877,93240,3935.0,3879.0,11504.0,20776,30775,18887,19093
48,Lozère,Occitanie,2021,14.8,76725,19011,31770,25944,3044,2850,3174,8481,9926,6953,21464,20833,3537,5051,23486,1467.0,1103.0,3276.0,2033,2910,5355,6304
49,Maine-et-Loire,Pays de la Loire,2021,116.0,860898,271094,362209,227595,8363,23861,53278,100321,105895,110682,200868,257630,19227,81825,253454,4740.0,6771.0,19722.0,79893,73635,44242,25486
50,Manche,Normandie,2021,83.3,500236,128418,206352,165466,7493,14107,22938,54680,62317,59978,147244,131479,11772,50988,139520,4753.0,4542.0,14544.0,47980,80839,47993,25886
51,Marne,Grand Est,2021,69.2,564785,172184,244098,148503,8589,14714,36854,63806,73855,64445,125052,177470,16100,46182,179857,4307.0,4456.0,13424.0,27588,26062,26777,18125
52,Haute-Marne,Grand Est,2021,27.5,171143,43913,71054,56176,2081,4309,6350,16230,23080,22929,48422,47742,3124,16755,48942,1699.0,1568.0,4755.0,11150,10213,11674,6412
53,Mayenne,Pays de la Loire,2021,59.1,306290,89716,127450,89124,6876,7826,13800,32813,35069,43471,79894,86541,9043,35199,83591,2919.0,2832.0,8021.0,32422,45811,20122,14407
54,Meurthe-et-Moselle,Grand Est,2021,139.6,732789,223629,317254,191906,2507,17233,49747,89247,100649,74481,158745,240180,4078,43132,212955,2694.0,4914.0,16704.0,36174,18633,49049,27670
55,Meuse,Grand Est,2021,29.3,182068,48590,76776,56702,2733,4627,6690,17707,24441,24426,48425,53019,4012,13949,44597,2042.0,1649.0,5017.0,7025,7984,13506,7686
56,Morbihan,Bretagne,2021,112.7,769297,201353,316443,251501,6835,26524,42127,84476,91826,84050,222316,211143,11140,69226,213434,4083.0,7292.0,22018.0,75961,112889,55483,44547
57,Moselle,Grand Est,2021,168.9,1053840,291102,476988,285750,2786,23835,64945,127198,147186,124596,228862,334432,4425,74566,276214,3364.0,7379.0,24651.0,74731,55232,74896,49692
58,Nièvre,Bourgogne-Franche-Comté,2021,29.7,203363,47612,78640,77111,3143,5670,8012,19078,24786,20770,67744,54160,4689,13774,55062,2329.0,1835.0,6063.0,9095,15705,11740,10772
59,Nord,Hauts-de-France,2021,454.7,2623069,861535,1150039,611495,6094,55815,197996,301160,335168,279269,504734,942833,11097,182889,834040,5095.0,13895.0,54471.0,213945,126047,130349,92346
60,Oise,Hauts-de-France,2021,141.4,830938,260102,375116,195720,2855,20882,55912,104239,111414,94419,164832,276385,5252,59968,207490,2943.0,6252.0,21108.0,51921,51312,75494,15990
61,Orne,Normandie,2021,45.4,277232,71977,110563,94692,4821,8358,10552,24663,33073,35751,83740,76274,7694,27239,71148,3956.0,2964.0,8279.0,16759,32269,24267,12388
62,Pas-de-Calais,Hauts-de-France,2021,219.1,1465900,449924,635583,380393,6545,31771,62075,155383,197671,184302,317342,510811,11448,100578,384386,5350.0,8838.0,32337.0,88029,96228,86545,49043
63,Puy-de-Dôme,Auvergne-Rhône-Alpes,2021,83.1,663468,191200,283823,188445,5826,20142,50297,78924,83177,65458,161080,198564,8393,58051,209550,4382.0,6029.0,18112.0,42958,32102,30865,30030
64,Pyrénées-Atlantiques,Nouvelle-Aquitaine,2021,90.7,696011,176792,299053,220166,7782,26889,47527,85269,90558,61716,186144,190126,10064,55830,223018,5247.0,7349.0,22801.0,41720,57822,36152,31435
65,Hautes-Pyrénées,Occitanie,2021,51.7,230959,56443,94198,80318,2646,8145,10014,24357,33099,20779,67005,64914,3104,16198,69842,2450.0,2725.0,8238.0,13994,20419,13889,12185
66,Pyrénées-Orientales,Occitanie,2021,118.4,489724,127090,198417,164217,2679,18899,21075,50264,64205,41641,136955,154006,5218,23275,135584,2130.0,4747.0,15238.0,36334,39533,37308,21407
67,Bas-Rhin,Grand Est,2021,242.4,1153940,340547,522441,290952,3258,29922,100323,147968,147133,133690,241799,349847,6668,106691,376521,3582.0,9130.0,30565.0,55548,48285,54397,43268
68,Haut-Rhin,Grand Est,2021,217.6,765751,213265,346566,205920,2960,19380,49552,94305,100747,98263,171311,229233,5746,69336,210645,2703.0,5764.0,20765.0,45454,29516,27839,23024
69,Rhône,Auvergne-Rhône-Alpes,2021,582.8,1900457,625779,853860,420818,4732,57358,233266,252924,226976,144279,341245,639677,7650,167195,764058,3405.0,14205.0,52362.0,68816,58113,42122,56714
70,Haute-Saône,Bourgogne-Franche-Comté,2021,43.7,234206,61966,99825,72415,2851,6771,9850,25274,29204,31363,63315,65578,3986,20114,53965,2497.0,2613.0,6952.0,16149,19851,12410,17004
71,Saône-et-Loire,Bourgogne-Franche-Comté,2021,64.1,549241,139578,224692,184971,6699,17334,25185,56575,67561,65971,160316,149600,10704,49498,151285,4487.0,5373.0,16304.0,34296,43796,28551,33554
72,Sarthe,Pays de la Loire,2021,91.2,566751,166149,235424,165178,5198,13550,29765,61056,72534,71839,146190,166619,8255,51551,161864,3985.0,3977.0,12304.0,35731,52411,36616,19699
73,Savoie,Auvergne-Rhône-Alpes,2021,73.4,442598,123942,195826,122830,2209,17467,31643,60671,56869,45227,103468,125044,3569,39621,155336,2329.0,5604.0,18250.0,29286,28274,23141,27739
74,Haute-Savoie,Auvergne-Rhône-Alpes,2021,191.8,845423,246005,407890,191528,3116,33243,70150,125061,116081,92516,156940,248316,4390,70204,239570,2648.0,8352.0,28387.0,39044,57204,42935,55895
75,Paris,Île-de-France,2021,20238.2,2130232,575055,1073004,482173,452,67909,564039,264496,212864,74809,337280,608383,1014,135334,1771339,356.0,10442.0,55709.0,954,31,1725,163
76,Seine-Maritime,Normandie,2021,200.1,1259425,382187,538396,338842,5370,29001,77940,146922,162982,141078,291717,404415,9003,108335,386135,5203.0,7528.0,27024.0,87964,127864,97905,33747
77,Seine-et-Marne,Île-de-France,2021,243.1,1446050,478807,670181,297062,2441,38889,126886,204633,214235,127064,241963,489939,4495,82819,394613,2435.0,11367.0,39525.0,57788,35603,89634,12446
78,Yvelines,Île-de-France,2021,637.5,1464894,472979,668470,323445,965,35545,238817,189032,167379,83085,253877,496194,2037,101453,427868,1154.0,8011.0,37015.0,46185,29013,56404,19395
79,Deux-Sèvres,Nouvelle-Aquitaine,2021,62.4,376280,100782,158581,116917,5622,10510,21028,39093,48827,47334,101396,102470,8703,34447,115571,3282.0,3398.0,9931.0,43932,47271,18428,19693
80,Somme,Hauts-de-France,2021,91.8,565077,171769,241204,152104,4814,13007,31106,60110,72644,70186,130818,182392,8351,46268,162026,3793.0,3842.0,13347.0,46486,49816,54149,15966
81,Tarn,Occitanie,2021,68.4,393826,103078,161097,129651,4862,14818,21012,44752,49634,35589,109816,113343,6840,27987,103287,3223.0,4422.0,12210.0,31990,30019,22028,20709
82,Tarn-et-Garonne,Occitanie,2021,70.8,263418,74224,111911,77283,3533,9107,13344,28229,34277,28591,64883,81454,5522,16210,70957,2276.0,2675.0,7864.0,18348,20613,13612,8461
83,Var,Provence-Alpes-Côte d'Azur,2021,183.4,1102235,276354,457190,368691,3772,50324,62051,122889,153007,83049,303563,323580,7501,57480,321303,2833.0,10136.0,33873.0,86401,107783,79839,43564
84,Vaucluse,Provence-Alpes-Côte d'Azur,2021,158.3,565187,157949,240197,167041,4360,23956,31923,61625,71202,57167,135480,179474,9709,37198,174319,2445.0,5861.0,19417.0,44275,43596,34402,25023
85,Vendée,Pays de la Loire,2021,104.1,702353,187316,287672,227365,7702,22725,29799,74170,85065,94802,205395,182695,12049,79158,189265,3677.0,7118.0,20190.0,88897,89365,39923,44659
86,Vienne,Nouvelle-Aquitaine,2021,62.9,440151,132029,181501,126621,3815,11963,27500,50517,59304,43803,108733,134516,5684,34578,134979,2376.0,3685.0,11266.0,33420,39629,26881,18600
87,Haute-Vienne,Nouvelle-Aquitaine,2021,67.3,371745,100096,151921,119728,3899,10752,22333,42224,46882,35317,105923,104415,4933,26053,114226,2304.0,3036.0,8540.0,17676,26526,19116,13514
88,Vosges,Grand Est,2021,61.4,360840,93168,150729,116943,2802,11391,15020,37666,46203,46494,102377,98887,4217,35518,94661,2634.0,4176.0,10979.0,25086,24971,18959,21915
89,Yonne,Bourgogne-Franche-Comté,2021,44.9,333234,87788,139332,106114,3571,10067,14979,34030,42384,41698,91470,95035,6464,26259,88859,2607.0,3309.0,10364.0,27844,25724,25750,18156
90,Territoire-de-Belfort,Bourgogne-Franche-Comté,2021,229.2,139531,41554,60847,37130,194,3314,10557,15690,17481,16454,31501,44340,351,10466,42299,364.0,944.0,3263.0,7839,4913,7437,5803
91,Essonne,Île-de-France,2021,728.1,1320900,440758,605802,274340,820,31378,150183,180211,175479,103965,221316,457548,1568,73190,383468,826.0,8555.0,31897.0,51321,27508,102448,9548
92,Hauts-de-Seine,Île-de-France,2021,9312.1,1639335,505758,800744,332833,168,45876,368334,204542,180073,66526,245402,528414,524,118312,878347,236.0,6511.0,35473.0,6436,2378,47739,4943
93,Seine-Saint-Denis,Île-de-France,2021,7064.6,1671620,591433,795744,284443,102,43462,134368,187008,255318,167958,200294,683110,292,82379,521461,157.0,8064.0,29220.0,41319,6326,50110,8484
94,Val-de-Marne,Île-de-France,2021,5776.3,1416897,457743,670809,288345,116,37581,194931,184120,193704,96546,217243,492656,426,64235,464656,199.0,6577.0,27190.0,17873,3524,19542,4616
95,Val-D'Oise,Île-de-France,2021,1008.6,1259521,434211,581299,244011,530,32055,122744,168006,177443,104539,188386,465818,1018,60216,361913,676.0,7364.0,26832.0,72595,17135,68895,9297
